,Dice,Jaccard
Otsu,0.6040293462813316,0.4326948741166463
Watershed,0.0,0.0
K-means,0.48665471479613065,0.3215754656615402
Morphology,0.5870734862192609,0.4155017833506126
